total_sim_time,exited_count,lot_based_count,avg_from_t0,avg_from_lot,cars_per_min
977.26,21,21,380.04571428571427,375.04571428571427,1.289319116714078
