total_sim_time,exited_count,lot_based_count,avg_from_t0,avg_from_lot,cars_per_min
11604.7,3200,3200,3967.894109375,98.51910937499999,16.545020552017718
