total_sim_time,exited_count,lot_based_count,avg_from_t0,avg_from_lot,cars_per_min
5888.15,3200,3200,2138.5658784375,106.69087843749999,32.60786494909267
