total_sim_time,exited_count,lot_based_count,avg_from_t0,avg_from_lot,cars_per_min
9996.35,3176,3176,3919.4465522670025,93.24693010075566,19.062957979662578
