total_sim_time,exited_count,lot_based_count,avg_from_t0,avg_from_lot,cars_per_min
470.54,21,21,144.15619047619046,139.15619047619046,2.677774471883368
