total_sim_time,exited_count,lot_based_count,avg_from_t0,avg_from_lot,cars_per_min
5537.62,3200,3200,2289.3025675,107.42756750000001,34.671934874548995
